{
  "version": "1.0.0",
  "platformVersion": "10.1.2",
  "authentication": {
    "type": "custom",
    "fields": [
      {
        "key": "apiToken",
        "label": "API-Token",
        "required": true
      }
    ],
    "test": "$func$2$f$",
    "connectionLabel": "{{json.username}}"
  },
  "beforeRequest": [
    "$func$3$f$"
  ],
  "afterResponse": [
    "$func$3$f$"
  ],
  "triggers": {
    "get_customer_list": {
      "key": "get_customer_list",
      "noun": "Get_customer_list",
      "display": {
        "label": "Contact List",
        "description": "Display Contacts Lists ."
      },
      "operation": {
        "perform": "$func$2$f$",
        "inputFields": [],
        "outputFields": []
      }
    }
  },
  "searches": {
    "search_active_camp": {
      "key": "search_active_camp",
      "noun": "Searchactivecamp",
      "display": {
        "label": "Search Active Campaign",
        "description": "Finds a active campaign based on Email."
      },
      "operation": {
        "perform": "$func$2$f$",
        "inputFields": [
          {
            "key": "email",
            "required": true,
            "helpText": "Find the Searchactivecamp with this email."
          }
        ],
        "outputFields": []
      }
    }
  },
  "creates": {
    "create_camp": {
      "key": "create_camp",
      "noun": "Createcamp",
      "display": {
        "label": "Create Createcamp",
        "description": "Creates a new createcamp, probably with input from previous steps."
      },
      "operation": {
        "perform": "$func$2$f$",
        "inputFields": [
          {
            "key": "email",
            "label": "Enter Email",
            "type": "string",
            "required": true
          },
          {
            "key": "firstName",
            "label": "Enter First Name",
            "type": "string",
            "required": true
          },
          {
            "key": "lastName",
            "label": "Enter Last Name",
            "type": "string",
            "required": false
          },
          {
            "key": "phone",
            "label": "Enter Phone",
            "type": "integer",
            "required": true
          }
        ],
        "outputFields": []
      }
    },
    "update_active_camp": {
      "key": "update_active_camp",
      "noun": "Updateactivecamp",
      "display": {
        "label": "Update Active Campaign",
        "description": "Update Active Campaign, probably update input Field."
      },
      "operation": {
        "perform": "$func$2$f$",
        "inputFields": [
          {
            "key": "updateactivecamp.id",
            "required": true,
            "label": "select Email",
            "dynamic": "get_customer_list.id.email"
          },
          {
            "key": "email",
            "label": "Enter Email",
            "type": "string",
            "required": true
          },
          {
            "key": "firstName",
            "label": "Enter First Name",
            "type": "string",
            "required": true
          },
          {
            "key": "lastName",
            "label": "Enter Last Name",
            "type": "string",
            "required": false
          },
          {
            "key": "phone",
            "label": "Enter Phone",
            "type": "integer",
            "required": true
          }
        ],
        "outputFields": []
      }
    },
    "custom_active_camp": {
      "key": "custom_active_camp",
      "noun": "Customactivecamp",
      "display": {
        "label": "Custom Active Campaign",
        "description": "Creates a new custom active campaign, probably add input field in contact list."
      },
      "operation": {
        "perform": "$func$2$f$",
        "inputFields": [
          {
            "key": "title",
            "label": "Enter title",
            "type": "string",
            "required": true
          }
        ],
        "outputFields": []
      }
    }
  },
  "resources": {},
  "searchOrCreates": {}
}